
<entities xmlns:xsd="http://www.w3.org/2001/XMLSchema" xmlns:xsi="http://www.w3.org/2001/XMLSchema-instance" timestamp="2024-11-24T00:25:09.6236674Z">
  <entity name="sw365_subscriptiontype" displayname="Subscription Type">
    <records>
      <record id="408e4b2d-831e-ef11-840a-6045bd3d2806">
        <field name="sw365_name" value="Premium" />
        <field name="sw365_subscriptionfee" value="250.0000000000" />
        <field name="sw365_subscriptionfee_base" value="250.0000000000" />
        <field name="sw365_subscriptiontypeid" value="408e4b2d-831e-ef11-840a-6045bd3d2806" />
        <field name="sw365_validfrom" value="2024-07-01T00:00:00.0000000Z" />
        <field name="sw365_validto" value="2025-06-30T00:00:00.0000000Z" />
        <field name="statecode" value="0" />
        <field name="statuscode" value="1" />
      </record>
      <record id="af9d3d42-831e-ef11-840a-6045bd3d2806">
        <field name="sw365_name" value="Standard" />
        <field name="sw365_subscriptionfee" value="180.0000000000" />
        <field name="sw365_subscriptionfee_base" value="180.0000000000" />
        <field name="sw365_subscriptiontypeid" value="af9d3d42-831e-ef11-840a-6045bd3d2806" />
        <field name="sw365_validfrom" value="2024-07-01T00:00:00.0000000Z" />
        <field name="sw365_validto" value="2024-06-30T00:00:00.0000000Z" />
        <field name="statecode" value="0" />
        <field name="statuscode" value="1" />
      </record>
      <record id="f18a5a82-831e-ef11-840a-6045bd3d2806">
        <field name="sw365_name" value="Basic" />
        <field name="sw365_subscriptionfee" value="120.0000000000" />
        <field name="sw365_subscriptionfee_base" value="120.0000000000" />
        <field name="sw365_subscriptiontypeid" value="f18a5a82-831e-ef11-840a-6045bd3d2806" />
        <field name="sw365_validfrom" value="2024-07-01T00:00:00.0000000Z" />
        <field name="sw365_validto" value="2024-06-30T00:00:00.0000000Z" />
        <field name="statecode" value="0" />
        <field name="statuscode" value="1" />
      </record>
      <record id="f83c95f1-831e-ef11-840a-6045bd3d2806">
        <field name="sw365_name" value="One time member" />
        <field name="sw365_subscriptionfee" value="75.0000000000" />
        <field name="sw365_subscriptionfee_base" value="75.0000000000" />
        <field name="sw365_subscriptiontypeid" value="f83c95f1-831e-ef11-840a-6045bd3d2806" />
        <field name="sw365_validfrom" value="2024-07-01T00:00:00.0000000Z" />
        <field name="sw365_validto" value="2024-06-30T00:00:00.0000000Z" />
        <field name="statecode" value="0" />
        <field name="statuscode" value="1" />
      </record>
    </records>
    <m2mrelationships />
  </entity>
  <entity name="sw365_casetype" displayname="Case Type">
    <records>
      <record id="64f75615-551e-ef11-840a-6045bd3d2806">
        <field name="statecode" value="0" />
        <field name="statuscode" value="1" />
        <field name="sw365_name" value="Animal Health Management" />
        <field name="sw365_casetypeid" value="64f75615-551e-ef11-840a-6045bd3d2806" />
      </record>
      <record id="94907c23-551e-ef11-840a-6045bd3d2806">
        <field name="sw365_parent" value="64f75615-551e-ef11-840a-6045bd3d2806" lookupentity="sw365_casetype" lookupentityname="Animal Health Management" />
        <field name="statecode" value="0" />
        <field name="statuscode" value="1" />
        <field name="sw365_name" value="Regular Health Check-ups:" />
        <field name="sw365_casetypeid" value="94907c23-551e-ef11-840a-6045bd3d2806" />
      </record>
      <record id="3d86b52e-551e-ef11-840a-6045bd3d2806">
        <field name="sw365_parent" value="64f75615-551e-ef11-840a-6045bd3d2806" lookupentity="sw365_casetype" lookupentityname="Animal Health Management" />
        <field name="statecode" value="0" />
        <field name="statuscode" value="1" />
        <field name="sw365_name" value="Illness and Injury Response:" />
        <field name="sw365_casetypeid" value="3d86b52e-551e-ef11-840a-6045bd3d2806" />
      </record>
      <record id="078c0f35-551e-ef11-840a-6045bd3d2806">
        <field name="statecode" value="0" />
        <field name="statuscode" value="1" />
        <field name="sw365_name" value="Crop Management" />
        <field name="sw365_casetypeid" value="078c0f35-551e-ef11-840a-6045bd3d2806" />
      </record>
      <record id="0e3f7d3d-551e-ef11-840a-6045bd3d2806">
        <field name="sw365_parent" value="078c0f35-551e-ef11-840a-6045bd3d2806" lookupentity="sw365_casetype" lookupentityname="Crop Management" />
        <field name="statecode" value="0" />
        <field name="statuscode" value="1" />
        <field name="sw365_name" value="Planting and Sowing:" />
        <field name="sw365_casetypeid" value="0e3f7d3d-551e-ef11-840a-6045bd3d2806" />
      </record>
      <record id="db534744-551e-ef11-840a-6045bd3d2806">
        <field name="sw365_parent" value="078c0f35-551e-ef11-840a-6045bd3d2806" lookupentity="sw365_casetype" lookupentityname="Crop Management" />
        <field name="statecode" value="0" />
        <field name="statuscode" value="1" />
        <field name="sw365_name" value="Pest and Disease Management:" />
        <field name="sw365_casetypeid" value="db534744-551e-ef11-840a-6045bd3d2806" />
      </record>
      <record id="46ab714a-551e-ef11-840a-6045bd3d2806">
        <field name="sw365_parent" value="078c0f35-551e-ef11-840a-6045bd3d2806" lookupentity="sw365_casetype" lookupentityname="Crop Management" />
        <field name="statecode" value="0" />
        <field name="statuscode" value="1" />
        <field name="sw365_name" value="Harvesting:" />
        <field name="sw365_casetypeid" value="46ab714a-551e-ef11-840a-6045bd3d2806" />
      </record>
      <record id="a65a4d58-551e-ef11-840a-6045bd3d2806">
        <field name="sw365_parent" value="64f75615-551e-ef11-840a-6045bd3d2806" lookupentity="sw365_casetype" lookupentityname="Animal Health Management" />
        <field name="statecode" value="0" />
        <field name="statuscode" value="1" />
        <field name="sw365_name" value="Animal Feed Management:" />
        <field name="sw365_casetypeid" value="a65a4d58-551e-ef11-840a-6045bd3d2806" />
      </record>
      <record id="856bdf62-551e-ef11-840a-6045bd3d2806">
        <field name="sw365_parent" value="078c0f35-551e-ef11-840a-6045bd3d2806" lookupentity="sw365_casetype" lookupentityname="Crop Management" />
        <field name="statecode" value="0" />
        <field name="statuscode" value="1" />
        <field name="sw365_name" value="Fertilizer Management:" />
        <field name="sw365_casetypeid" value="856bdf62-551e-ef11-840a-6045bd3d2806" />
      </record>
      <record id="4e45196d-551e-ef11-840a-6045bd3d2806">
        <field name="statecode" value="0" />
        <field name="statuscode" value="1" />
        <field name="sw365_name" value="Equipment Maintenance" />
        <field name="sw365_casetypeid" value="4e45196d-551e-ef11-840a-6045bd3d2806" />
      </record>
      <record id="8c64b074-551e-ef11-840a-6045bd3d2806">
        <field name="sw365_parent" value="4e45196d-551e-ef11-840a-6045bd3d2806" lookupentity="sw365_casetype" lookupentityname="Equipment Maintenance" />
        <field name="statecode" value="0" />
        <field name="statuscode" value="1" />
        <field name="sw365_name" value="Routine Maintenance:" />
        <field name="sw365_casetypeid" value="8c64b074-551e-ef11-840a-6045bd3d2806" />
      </record>
      <record id="7902e480-551e-ef11-840a-6045bd3d2806">
        <field name="sw365_parent" value="4e45196d-551e-ef11-840a-6045bd3d2806" lookupentity="sw365_casetype" lookupentityname="Equipment Maintenance" />
        <field name="statecode" value="0" />
        <field name="statuscode" value="1" />
        <field name="sw365_name" value="Equipment Repairs" />
        <field name="sw365_casetypeid" value="7902e480-551e-ef11-840a-6045bd3d2806" />
      </record>
      <record id="5bc3b690-551e-ef11-840a-6045bd3d2806">
        <field name="statecode" value="0" />
        <field name="statuscode" value="1" />
        <field name="sw365_name" value="Resource Allocation" />
        <field name="sw365_casetypeid" value="5bc3b690-551e-ef11-840a-6045bd3d2806" />
      </record>
      <record id="55874ba0-551e-ef11-840a-6045bd3d2806">
        <field name="sw365_parent" value="5bc3b690-551e-ef11-840a-6045bd3d2806" lookupentity="sw365_casetype" lookupentityname="Resource Allocation" />
        <field name="statecode" value="0" />
        <field name="statuscode" value="1" />
        <field name="sw365_name" value="Labour Management" />
        <field name="sw365_casetypeid" value="55874ba0-551e-ef11-840a-6045bd3d2806" />
      </record>
      <record id="c66cc8a7-551e-ef11-840a-6045bd3d2806">
        <field name="sw365_parent" value="5bc3b690-551e-ef11-840a-6045bd3d2806" lookupentity="sw365_casetype" lookupentityname="Resource Allocation" />
        <field name="statecode" value="0" />
        <field name="statuscode" value="1" />
        <field name="sw365_name" value="Water Management:" />
        <field name="sw365_casetypeid" value="c66cc8a7-551e-ef11-840a-6045bd3d2806" />
      </record>
    </records>
    <m2mrelationships />
  </entity>
  <entity name="sw365_eventtype" displayname="Event Type">
    <records>
      <record id="2013303a-655e-ef11-bfe4-002248e286e8">
        <field name="sw365_eventtypeid" value="2013303a-655e-ef11-bfe4-002248e286e8" />
        <field name="sw365_name" value="Educational Workshops" />
        <field name="statecode" value="0" />
        <field name="statuscode" value="1" />
      </record>
      <record id="83101543-655e-ef11-bfe4-002248e286e8">
        <field name="sw365_eventtypeid" value="83101543-655e-ef11-bfe4-002248e286e8" />
        <field name="sw365_name" value="Seasonal Agricultural Shows" />
        <field name="statecode" value="0" />
        <field name="statuscode" value="1" />
      </record>
      <record id="a8ade849-655e-ef11-bfe4-002248e286e8">
        <field name="sw365_eventtypeid" value="a8ade849-655e-ef11-bfe4-002248e286e8" />
        <field name="sw365_name" value="Field Days" />
        <field name="statecode" value="0" />
        <field name="statuscode" value="1" />
      </record>
      <record id="2719e84f-655e-ef11-bfe4-002248e286e8">
        <field name="sw365_eventtypeid" value="2719e84f-655e-ef11-bfe4-002248e286e8" />
        <field name="sw365_name" value="Annual Conferences" />
        <field name="statecode" value="0" />
        <field name="statuscode" value="1" />
      </record>
      <record id="2819e84f-655e-ef11-bfe4-002248e286e8">
        <field name="sw365_eventtypeid" value="2819e84f-655e-ef11-bfe4-002248e286e8" />
        <field name="sw365_name" value="Seasonal Planning Sessions" />
        <field name="statecode" value="0" />
        <field name="statuscode" value="1" />
      </record>
      <record id="afc36e60-655e-ef11-bfe4-002248e286e8">
        <field name="sw365_eventtypeid" value="afc36e60-655e-ef11-bfe4-002248e286e8" />
        <field name="sw365_name" value="Market Days" />
        <field name="statecode" value="0" />
        <field name="statuscode" value="1" />
      </record>
      <record id="69610868-655e-ef11-bfe4-002248e286e8">
        <field name="sw365_eventtypeid" value="69610868-655e-ef11-bfe4-002248e286e8" />
        <field name="sw365_name" value="Training on Government Regulations and Compliance" />
        <field name="statecode" value="0" />
        <field name="statuscode" value="1" />
      </record>
      <record id="a4bfbd70-655e-ef11-bfe4-002248e286e8">
        <field name="sw365_eventtypeid" value="a4bfbd70-655e-ef11-bfe4-002248e286e8" />
        <field name="sw365_name" value="Social Events and Gatherings" />
        <field name="statecode" value="0" />
        <field name="statuscode" value="1" />
      </record>
      <record id="81cd0378-655e-ef11-bfe4-002248e286e8">
        <field name="sw365_eventtypeid" value="81cd0378-655e-ef11-bfe4-002248e286e8" />
        <field name="sw365_name" value="Technology and Innovation Expos" />
        <field name="statecode" value="0" />
        <field name="statuscode" value="1" />
      </record>
      <record id="231e4f7f-655e-ef11-bfe4-002248e286e8">
        <field name="sw365_eventtypeid" value="231e4f7f-655e-ef11-bfe4-002248e286e8" />
        <field name="sw365_name" value="Sustainability and Environmental Conservation Workshops" />
        <field name="statecode" value="0" />
        <field name="statuscode" value="1" />
      </record>
      <record id="58a38b86-655e-ef11-bfe4-002248e286e8">
        <field name="sw365_eventtypeid" value="58a38b86-655e-ef11-bfe4-002248e286e8" />
        <field name="sw365_name" value="Youth Engagement Programs" />
        <field name="statecode" value="0" />
        <field name="statuscode" value="1" />
      </record>
      <record id="59a38b86-655e-ef11-bfe4-002248e286e8">
        <field name="sw365_eventtypeid" value="59a38b86-655e-ef11-bfe4-002248e286e8" />
        <field name="sw365_name" value="Charity and Community Support Events" />
        <field name="statecode" value="0" />
        <field name="statuscode" value="1" />
      </record>
    </records>
    <m2mrelationships />
  </entity>
</entities>