<entities >
  <entity name="sw365_subscriptiontype" displayname="Subscription Type" etc="10998" primaryidfield="sw365_subscriptiontypeid" primarynamefield="sw365_name" disableplugins="false">
    <fields>
      <field displayname="Name" name="sw365_name" type="string" customfield="true" />
      <field displayname="Subscription Fee" name="sw365_subscriptionfee" type="money" customfield="true" />
      <field displayname="Subscription Fee (Base)" name="sw365_subscriptionfee_base" type="money" customfield="true" />
      <field displayname="Subscription Type" name="sw365_subscriptiontypeid" type="guid" primaryKey="true" />
      <field displayname="Valid From" name="sw365_validfrom" type="datetime" customfield="true" />
      <field displayname="Valid To" name="sw365_validto" type="datetime" customfield="true" />
      <field displayname="Status" name="statecode" type="state" />
      <field displayname="Status Reason" name="statuscode" type="status" />
    </fields>
  </entity>
  <entity name="sw365_casetype" displayname="Case Type" etc="11065" primaryidfield="sw365_casetypeid" primarynamefield="sw365_name" disableplugins="false">
    <fields>
      <field displayname="Parent" name="sw365_parent" type="entityreference" lookupType="sw365_casetype" customfield="true" />
      <field displayname="Status" name="statecode" type="state" />
      <field displayname="Status Reason" name="statuscode" type="status" />
      <field displayname="Name" name="sw365_name" type="string" customfield="true" />
      <field displayname="Case Type" name="sw365_casetypeid" type="guid" primaryKey="true" />
    </fields>
  </entity>
</entities>